gene,pval
Sym_100008_c0_g3,0.548677512946093
Sym_100097_c0_g3,-1.81686455507431
Sym_100100_c0_g2,0.63409767861893
Sym_100213_c0_g1,-10.2801878840673
Sym_100230_c0_g1,9.81365508961938
Sym_100246_c0_g3,-1.8744610104296
Sym_100339_c0_g1,-0.472321228864915
Sym_100346_c0_g1,17.1234526239674
Sym_100382_c0_g5,-0.215614190594711
Sym_100437_c0_g1,-2.36962260818531
Sym_100439_c1_g1,97.3535030570596
Sym_100466_c0_g1,-0.838362931966556
Sym_100493_c0_g1,0.729212411229434
Sym_100536_c1_g4,1.63709287659605
Sym_100611_c0_g1,-1.32797151640873
Sym_100611_c0_g2,-0.933448832470431
Sym_100629_c0_g1,10.1930871794321
Sym_100639_c0_g1,-0.752612346021357
Sym_100665_c0_g1,25.5771227534835
Sym_100730_c0_g1,-8.35808476692811
Sym_100737_c0_g1,-0.521426186274173
Sym_100793_c2_g1,-12.0415828737842
Sym_100802_c0_g1,-5.07417090521475
Sym_101037_c0_g1,-0.304006363293141
Sym_101057_c0_g1,-2.11683581496465
Sym_101136_c0_g1,-0.248965815753354
Sym_101138_c0_g1,1.45900673760782
Sym_101203_c0_g1,-0.973351081524284
Sym_101210_c1_g3,1.60512767699177
Sym_101245_c3_g1,1.47948050343361
Sym_101261_c1_g1,-7.40376621948403
Sym_101261_c2_g1,-0.570233816128159
Sym_101299_c0_g1,-3.77467527361016
Sym_101312_c0_g2,-3.70945656598508
Sym_101326_c0_g1,1.31276514092491
Sym_101419_c1_g1,-9.45563779276962
Sym_101441_c0_g1,3.44651565044098
Sym_101460_c0_g3,-2.0821510013618
Sym_101486_c0_g1,24.2099420041765
Sym_101501_c0_g1,3.55025099128476
Sym_101501_c0_g2,-1.02962704844967
Sym_101543_c0_g2,-13.6975205908198
Sym_101543_c0_g3,-5.01815184304094
Sym_101592_c0_g2,-60.1237108639558
Sym_101592_c0_g3,3.27971018565657
Sym_101592_c0_g4,-3.39607420788738
Sym_101607_c0_g1,-4.3837000749835
Sym_101629_c0_g1,0.984421647684173
Sym_101653_c0_g1,2.40006066983424
Sym_101657_c0_g1,2.3303289473369
Sym_101695_c0_g2,1.36323817401052
Sym_101757_c0_g1,0.284558488947441
Sym_101757_c0_g2,4.68192801382411
Sym_101806_c0_g1,-0.0288251949181969
Sym_101851_c0_g1,-11.5142807554479
Sym_101880_c0_g1,11.6745853503971
Sym_101904_c1_g2,-0.0960151001860128
Sym_101932_c0_g1,-4.1839797298823
Sym_101956_c0_g2,-5.78234162714365
Sym_101971_c0_g1,1.76608399564557
Sym_101976_c0_g1,-1.48397382378478
Sym_101983_c1_g1,-5.42627037613823
Sym_101988_c1_g1,-9.11887596460003
Sym_102038_c0_g1,6.32137442894305
Sym_102048_c0_g1,0.122135324846334
Sym_102101_c0_g1,-1.94041695160075
Sym_102107_c0_g1,-2.67742118995623
Sym_102143_c0_g1,-2.67322797722034
Sym_102188_c5_g1,0.581710302344258
Sym_102230_c0_g1,-0.583178626544789
Sym_102268_c2_g1,-6.06106826630777
Sym_102314_c0_g1,-0.721138327730964
Sym_102320_c4_g1,-7.27433398524516
Sym_102320_c4_g2,-2.42027642412336
Sym_102320_c5_g2,2.0722394856288
Sym_102324_c0_g5,-0.25925877699164
Sym_102382_c3_g3,-3.38276168908488
Sym_102395_c0_g1,114.206240783931
Sym_102471_c7_g1,4.35142386121165
Sym_102539_c1_g2,0.352310486647452
Sym_102539_c1_g5,0.799898138323635
Sym_102539_c1_g6,-12.7314727194678
Sym_102539_c1_g8,-0.245634754515935
Sym_102539_c1_g9,-0.888297014166948
Sym_102575_c0_g1,-10.3710138395858
Sym_102636_c0_g1,-27.7035468817176
Sym_102649_c1_g7,-1.21151816876114
Sym_102664_c0_g1,0.288630254966996
Sym_102670_c3_g1,1.10844356638888
Sym_102678_c1_g5,1.0018421498996
Sym_102695_c0_g1,-3.58955543041809
Sym_102711_c0_g1,-1.62271087906645
Sym_102717_c4_g5,1.62366563388957
Sym_102764_c1_g1,0.656392401551761
Sym_102774_c0_g1,-0.669710071907101
Sym_102785_c0_g1,8.60347561333691
Sym_102785_c3_g1,-0.827736251326349
Sym_102797_c0_g2,-28.5541657263873
Sym_102806_c2_g3,-28.2268607258444
Sym_102806_c2_g4,-0.433837961814358
Sym_102873_c0_g2,-2.38911169325935
Sym_102902_c2_g1,-19.506889017797
Sym_102974_c1_g2,-4.18465307070875
Sym_102979_c10_g1,-0.641153756549223
Sym_102979_c12_g1,-4.75435952657164
Sym_102979_c4_g2,-1.72716332395648
Sym_102979_c7_g2,44.477996015082
Sym_103005_c0_g1,-6.96044359675385
Sym_103012_c3_g1,-6.60944122869702
Sym_103046_c0_g1,0.324325578813661
Sym_103093_c3_g10,11.2623043320321
Sym_103093_c3_g2,-4.59857062072649
Sym_103127_c6_g1,-1.87074478986634
Sym_103171_c0_g1,-0.719900198354551
Sym_103230_c4_g2,0.0862950127477278
Sym_103259_c1_g1,6.14540414928644
Sym_103259_c1_g2,5.43809038445342
Sym_103259_c1_g4,-2.09842280192058
Sym_103259_c2_g1,-16.0441217622409
Sym_103301_c0_g1,-0.746086064225272
Sym_103490_c0_g1,1.1380257977952
Sym_103496_c0_g1,-0.109174203631457
Sym_103610_c0_g1,6.95462273276844
Sym_103660_c1_g1,1.78290651244685
Sym_103679_c5_g1,-1.42449778104487
Sym_103681_c0_g1,-1.41765547656416
Sym_103688_c0_g1,11.3827458266649
Sym_103755_c0_g1,-4.77331086818996
Sym_103763_c0_g1,-0.791515065962922
Sym_103763_c6_g1,1.48925194844956
Sym_103763_c6_g2,2.15487095526042
Sym_103766_c9_g1,1.1593142921116
Sym_103778_c1_g1,0.756384534641632
Sym_103784_c0_g1,1.74741796087957
Sym_103788_c0_g1,1.8385391745824
Sym_103800_c7_g2,23.7241877498065
Sym_103894_c0_g1,-1.48940386198761
Sym_103894_c0_g2,0.834682081102031
Sym_103894_c0_g4,-7.33960478540716
Sym_103894_c1_g3,0.862727128492265
Sym_103894_c1_g6,-4.44590268981811
Sym_103946_c3_g1,0.633827275268961
Sym_104048_c2_g2,-1.34162340241393
Sym_104048_c2_g6,-0.553809929228315
Sym_104048_c2_g7,-0.303563575900578
Sym_104103_c2_g11,-0.0357235296261165
Sym_104103_c2_g12,0.230726820923951
Sym_104103_c2_g4,-0.815849447482654
Sym_104113_c0_g1,3.49503783968959
Sym_104174_c0_g1,-5.24916824599122
Sym_104246_c3_g1,31.6340380854125
Sym_104246_c3_g2,5.02949714799918
Sym_104246_c5_g1,0.426300474217032
Sym_104246_c5_g4,2.17585420260853
Sym_104264_c2_g1,0.548826859666996
Sym_104264_c4_g1,1.56381777853254
Sym_104264_c6_g1,10.4593624661277
Sym_104297_c1_g1,-1.46425642421297
Sym_104366_c3_g1,0.300573692847203
Sym_104397_c2_g9,-1.33270394768822
Sym_104461_c0_g1,-26.2793241206781
Sym_104505_c1_g1,12.4721812221838
Sym_104561_c0_g1,6.21553758431731
Sym_104594_c0_g1,-20.9694062738005
Sym_104720_c2_g2,7.85672388619657
Sym_104724_c4_g1,-17.4631705386036
Sym_104762_c1_g5,-7.46671691352092
Sym_104781_c1_g2,0.784405162907583
Sym_104860_c0_g1,-6.69598523429526
Sym_104866_c10_g1,-7.72214204396666
Sym_104934_c0_g1,8.16912659756538
Sym_104949_c2_g4,-0.92947260210029
Sym_105022_c1_g2,42.7408431791098
Sym_105022_c1_g4,-2.2982566223365
Sym_105077_c3_g2,-0.173148055795068
Sym_105077_c5_g3,0.61365861856805
Sym_105077_c5_g6,0.468347130439392
Sym_105077_c5_g7,7.19894850643139
Sym_105138_c1_g1,19.5961893879354
Sym_105147_c1_g1,-0.787131026517035
Sym_105147_c1_g2,-0.456526767882921
Sym_105265_c5_g1,0.906907498960569
Sym_105348_c0_g1,0.0181395423268694
Sym_105388_c1_g1,-0.0915169574197459
Sym_105388_c1_g2,-2.81083015223415
Sym_105514_c6_g1,-1.76067276350296
Sym_105536_c1_g1,7.18636893917271
Sym_105548_c4_g1,-3.54429426741548
Sym_105558_c0_g1,16.5651440177756
Sym_105608_c0_g1,3.93620289829037
Sym_105693_c2_g3,0.763882000733833
Sym_105819_c0_g1,-7.24634185791329
Sym_105892_c6_g1,2.76840022643408
Sym_105943_c2_g1,3.04542146805197
Sym_105943_c4_g1,-0.657595882350438
Sym_105943_c4_g3,-0.096269217407891
Sym_106070_c0_g1,-1.34192195240874
Sym_106073_c6_g1,-4.02047638058186
Sym_106102_c0_g1,0.455672465821263
Sym_106193_c0_g1,0.187165701755588
Sym_106346_c4_g1,-21.3720335620516
Sym_106481_c2_g1,-2.49339354989527
Sym_106483_c3_g1,2.5559771525968
Sym_106483_c3_g4,-0.210132781222102
Sym_106497_c4_g4,-1.72386224417406
Sym_106514_c0_g1,-23.9476330239431
Sym_106514_c0_g2,-0.995548863868618
Sym_106542_c2_g2,-2.74830310826975
Sym_106555_c2_g4,-10.6364050178065
Sym_106557_c1_g1,-0.509883680183791
Sym_106636_c7_g3,-5.23618424767282
Sym_106636_c7_g4,0.0123477043166559
Sym_106715_c6_g13,-2.20829822720877
Sym_106739_c5_g1,-0.540347054706854
Sym_106752_c2_g1,-1.83189828126299
Sym_106752_c4_g4,-1.30199828696897
Sym_106900_c1_g4,-5.5354947816036
Sym_106900_c1_g7,-7.98768950952798
Sym_106989_c2_g1,-0.880883270874558
Sym_106992_c0_g1,5.63938754637493
Sym_107127_c2_g8,3.06740287730789
Sym_107188_c4_g2,-1.39256493993622
Sym_107192_c0_g1,-3.47570198909443
Sym_107240_c0_g1,-3.00368349875268
Sym_107242_c3_g1,3.61534173055899
Sym_107300_c1_g1,-0.978222017211799
Sym_107305_c3_g2,1.68479034411148
Sym_107369_c2_g3,-6.40731489250184
Sym_107369_c3_g4,-6.05777704289612
Sym_107369_c3_g5,0.0546523307836432
Sym_107375_c0_g1,4.69369360388667
Sym_107430_c4_g2,-2.68520735361952
Sym_107499_c4_g1,0.299507188952034
Sym_107578_c2_g1,-1.21629901330991
Sym_107578_c2_g2,-0.728184413294121
Sym_107647_c1_g2,-14.2002948239536
Sym_107676_c0_g3,-1.07493991766626
Sym_107783_c2_g1,0.937327726390536
Sym_107822_c3_g5,-0.0207756948896004
Sym_107887_c2_g1,-0.483806301989593
Sym_10811_c0_g1,-10.1059569886546
Sym_108123_c3_g1,0.0375066030172459
Sym_108161_c3_g1,1.89953736013179
Sym_108316_c1_g1,-3.25947579677273
Sym_108327_c0_g1,-11.5627069742174
Sym_108329_c1_g2,-21.7935851729371
Sym_108395_c0_g2,-3.06090009121972
Sym_108429_c4_g2,2.19348992202241
Sym_108429_c4_g6,1.04208473041862
Sym_108429_c4_g9,0.770881512303094
Sym_108432_c0_g1,-1.55477214201367
Sym_108466_c4_g1,29.3858276586565
Sym_108510_c1_g1,-9.50413383789421
Sym_108771_c2_g1,6.9171250830001
Sym_108843_c5_g2,0.44475623593573
Sym_108872_c3_g1,-3.98602378694517
Sym_108903_c2_g1,0.973331776543465
Sym_108983_c0_g1,1.89073933904331
Sym_109030_c0_g1,-35.6786221739977
Sym_109030_c0_g2,-0.668599116506134
Sym_109035_c0_g1,0.256927457845665
Sym_109060_c1_g1,0.233811359247712
Sym_109060_c7_g1,-8.13560029615042
Sym_109081_c0_g1,5.12982114189245
Sym_109253_c1_g1,1.34699240302378
Sym_109253_c1_g2,-4.39789642820302
Sym_109253_c1_g3,-3.45569010782795
Sym_109287_c2_g1,-0.329026906995272
Sym_109333_c5_g2,-4.08031069261712
Sym_109346_c6_g4,3.07805026668181
Sym_109358_c2_g1,-0.676463139944307
Sym_109394_c3_g5,-0.397873111608218
Sym_109407_c1_g1,-16.7442399454599
Sym_109415_c1_g1,-6.24749448575211
Sym_109469_c0_g1,20.3809543099791
Sym_109469_c0_g3,-2.2533186619313
Sym_109489_c3_g1,-3.02738168157819
Sym_109635_c2_g2,24.4809438438648
Sym_109725_c2_g2,-0.220370196808619
Sym_109958_c0_g1,-67.5597399224607
Sym_109973_c6_g1,-1.9563204497629
Sym_110044_c2_g6,0.662638522006718
Sym_110125_c3_g1,-1.02962807160138
Sym_110246_c0_g1,-10.6624574840974
Sym_110328_c1_g1,2.43550536695739
Sym_110473_c2_g2,-10.0940653326772
Sym_110497_c5_g1,-52.4644028913594
Sym_110499_c1_g1,-0.591464250578234
Sym_110555_c6_g2,0.222008012191415
Sym_110573_c2_g1,0.647253183362171
Sym_110573_c2_g2,0.0641545179213101
Sym_110573_c3_g1,-0.0613042649465292
Sym_110573_c3_g3,0.690157188147375
Sym_110573_c3_g4,-0.037356702720057
Sym_110707_c7_g1,-1.75955912849703
Sym_110716_c0_g1,-5.48503362649083
Sym_110740_c0_g1,7.20298845314204
Sym_110754_c1_g1,-2.75313948997747
Sym_110848_c2_g1,2.18049003315924
Sym_110903_c7_g1,0.0463273810211276
Sym_111090_c1_g2,-0.60990576229323
Sym_111108_c5_g1,-1.16594123693496
Sym_111127_c0_g2,7.0430058590689
Sym_111127_c1_g1,1.44334087049541
Sym_111127_c1_g2,-0.123801123649397
Sym_111191_c0_g1,-0.457670236906631
Sym_111204_c13_g2,1.58058908741181
Sym_111251_c6_g2,0.436713815890909
Sym_111423_c4_g1,0.522405872915569
Sym_111553_c2_g1,-6.82059272238445
Sym_111600_c1_g1,-9.95385257732586
Sym_111668_c2_g2,8.5847895863332
Sym_111670_c0_g1,22.5815141536935
Sym_111777_c0_g1,9.44342525559574
Sym_111781_c7_g1,-11.3780669669227
Sym_111787_c1_g1,-20.994444342393
Sym_111855_c1_g1,2.17463018788854
Sym_111886_c4_g1,0.129819624029395
Sym_111909_c5_g1,-0.599852681999107
Sym_111971_c4_g1,-31.4257539391211
Sym_111977_c5_g1,-0.586038482516879
Sym_112007_c1_g1,-0.560062518043336
Sym_112013_c3_g1,12.7011000293661
Sym_112123_c0_g1,-13.6584010154308
Sym_112123_c0_g2,-2.58459105854282
Sym_112139_c1_g1,-3.94126438490829
Sym_112389_c0_g1,0.886799421238618
Sym_112395_c1_g1,0.860817234386071
Sym_112403_c2_g7,2.03139303467916
Sym_112494_c0_g2,2.6804060781459
Sym_112497_c0_g1,-0.386144624393376
Sym_112513_c2_g1,-3.67790630572346
Sym_112519_c1_g1,-7.17265209674128
Sym_112519_c1_g5,2.00887542454877
Sym_112519_c1_g6,-3.59557490366645
Sym_112844_c3_g1,0.34055403116682
Sym_112965_c2_g1,9.86516786667575
Sym_112965_c3_g1,0.555002290223462
Sym_113022_c0_g1,15.9142559024365
Sym_11313_c0_g1,0.666422585257549
Sym_113175_c1_g1,-5.47547549648837
Sym_113175_c1_g2,-1.30685092172029
Sym_113215_c4_g5,0.350988649793111
Sym_113244_c2_g3,2.76127954645675
Sym_113270_c0_g1,0.506730004437328
Sym_113270_c1_g1,-5.64932382198782
Sym_113289_c2_g1,-0.524830063641003
Sym_113351_c2_g1,24.6330889426577
Sym_1134_c0_g1,1.42590775092552
Sym_113516_c10_g2,-1.8868080765613
Sym_113535_c0_g1,8.91434209174435
Sym_113535_c0_g2,-0.35645127346123
Sym_113560_c0_g1,-1.18338673984486
Sym_113565_c3_g1,1.80314450565576
Sym_113653_c1_g2,-22.8364815326104
Sym_113764_c0_g1,9.95060499521965
Sym_113783_c0_g1,-1.73269197091345
Sym_113903_c5_g2,-2.64152383839333
Sym_113911_c0_g5,-12.3153956850283
Sym_113972_c1_g1,-2.86252560462895
Sym_114279_c0_g1,-0.298368873768562
Sym_114366_c1_g1,1.1382690003111
Sym_114475_c0_g3,-3.23022415996827
Sym_114534_c1_g1,-1.27363012083711
Sym_114643_c0_g1,-12.055845231787
Sym_114698_c0_g1,-17.0241233281918
Sym_114753_c4_g5,-0.802105770909684
Sym_114890_c0_g1,1.46914975805249
Sym_114907_c1_g1,1.29998607124016
Sym_114907_c2_g1,-1.51755565377404
Sym_114907_c3_g1,-0.600653619703071
Sym_114907_c3_g2,-1.99166996703345
Sym_114911_c0_g2,6.97576307055863
Sym_114958_c5_g1,2.88816495556176
Sym_114970_c0_g2,-29.5260972469385
Sym_115069_c1_g1,8.7879477497225
Sym_115075_c0_g1,-21.6698248808967
Sym_115147_c3_g1,-1.2979662611242
Sym_115171_c4_g3,-1.07880965538087
Sym_115306_c0_g1,2.62694770477365
Sym_115384_c2_g1,15.8578466833106
Sym_115406_c0_g1,-19.1991849414203
Sym_115474_c4_g1,-43.3023076607653
Sym_115550_c0_g6,-0.0718234037450791
Sym_115621_c9_g1,14.7127375940916
Sym_115730_c0_g1,0.52480637616483
Sym_115793_c4_g1,-0.90594335512046
Sym_115874_c4_g1,0.0433970001159927
Sym_116102_c0_g1,-2.76785423617377
Sym_116265_c4_g5,6.63537706296971
Sym_116269_c0_g4,0.361312860818597
Sym_116433_c1_g2,-5.8901530572087
Sym_116556_c1_g3,0.161369318375664
Sym_116663_c1_g1,-0.263544069594744
Sym_116718_c1_g2,-1.99764809017855
Sym_116805_c4_g2,0.562270687506741
Sym_116896_c3_g8,0.156155907524159
Sym_116969_c0_g1,-10.0568099966905
Sym_117034_c8_g6,0.0476579618246471
Sym_117295_c0_g2,-1.46150678806593
Sym_117295_c0_g3,-8.64080728827639
Sym_117295_c0_g4,-1.30288521249407
Sym_117295_c0_g5,0.420753853539335
Sym_117295_c0_g7,-3.47136271744094
Sym_117309_c3_g2,1.50302770674288
Sym_117313_c3_g1,7.78279153730081
Sym_117322_c0_g2,4.13995609276295
Sym_117355_c0_g1,-1.8412730546169
Sym_117444_c0_g1,0.796329308807144
Sym_117615_c8_g2,-4.80879277183745
Sym_117637_c1_g8,-0.217930473312236
Sym_117747_c2_g1,-16.0286367532378
Sym_117760_c6_g1,1.73532132637915
Sym_117838_c4_g1,-4.21076616879886
Sym_117960_c0_g2,1.59629987440556
Sym_117960_c0_g3,44.7226856996356
Sym_118133_c3_g1,-11.9752665879109
Sym_118148_c4_g1,-0.014222302443619
Sym_118173_c0_g1,-6.60896648623277
Sym_118211_c0_g1,-1.90037443130941
Sym_118341_c1_g2,-0.0643483981622826
Sym_118341_c1_g3,-3.05203077700388
Sym_118361_c0_g1,-0.501203233198834
Sym_118361_c2_g1,-1.58649690510225
Sym_118501_c2_g1,0.62579512062055
Sym_118506_c4_g1,-5.64684632172804
Sym_118541_c1_g1,-6.83366060891904
Sym_118609_c3_g4,-7.91272336796715
Sym_118674_c1_g1,-1.03150773697665
Sym_118811_c2_g1,1.63493601163413
Sym_118868_c0_g1,5.62954728451724
Sym_118868_c0_g2,1.49167058894181
Sym_118905_c5_g1,-0.685755271841058
Sym_118905_c5_g3,4.61737527418153
Sym_118929_c0_g1,-0.229725862542254
Sym_119017_c0_g5,-0.809449796349151
Sym_119054_c0_g1,-13.0075057571509
Sym_119250_c0_g3,-6.74518586279412
Sym_119275_c3_g2,-4.64612704308553
Sym_119350_c1_g2,0.704399701561112
Sym_119422_c1_g1,-27.1705452548508
Sym_119480_c3_g1,2.17627664220011
Sym_119833_c0_g1,0.855477115571997
Sym_119833_c3_g1,11.4930715460458
Sym_119843_c0_g1,0.690593658007899
Sym_119843_c6_g1,17.5368938683204
Sym_119993_c0_g1,0.910281379395007
Sym_119993_c5_g1,-1.57304093830163
Sym_120482_c0_g1,-0.159926371774458
Sym_120595_c3_g2,14.6178483847918
Sym_120676_c2_g1,-4.96989732689677
Sym_120719_c3_g1,-0.810560715729115
Sym_120754_c1_g1,-4.30194235931375
Sym_120779_c0_g1,-6.15548620089904
Sym_120913_c7_g2,-2.17581048193101
Sym_120986_c2_g1,3.9789181449543
Sym_121035_c3_g1,-1.39609823859511
Sym_121152_c1_g2,0.587766695431981
Sym_121225_c2_g1,12.1059128762067
Sym_121287_c4_g1,0.457484344801107
Sym_121330_c2_g1,-5.28858615332
Sym_121368_c2_g1,1.67741066939348
Sym_121495_c10_g2,2.345338723202
Sym_121495_c10_g3,-2.78948397162427
Sym_121540_c4_g3,4.3391033502963
Sym_121548_c0_g1,4.67941782855798
Sym_121604_c1_g3,4.69395138286163
Sym_121618_c0_g2,-170.741299619274
Sym_121683_c1_g1,-17.8416866283985
Sym_121704_c1_g1,0.527565611799267
Sym_121753_c0_g6,-1.29038019214351
Sym_121779_c6_g1,-6.40121975744233
Sym_121779_c6_g2,-0.124071501599033
Sym_121779_c8_g1,-0.0647864172991695
Sym_121782_c0_g3,-1.77069853559713
Sym_122045_c4_g1,-11.1196818333668
Sym_122045_c6_g1,-6.52259083642496
Sym_122279_c0_g1,2.49502840559994
Sym_122380_c3_g4,-0.596639430905647
Sym_122421_c0_g1,0.179183669676619
Sym_122482_c0_g2,0.742115704717828
Sym_122621_c3_g1,-0.612760716887979
Sym_122696_c2_g2,0.152699132759566
Sym_122784_c1_g1,44.189982128659
Sym_122968_c2_g6,0.155070771772871
Sym_123065_c5_g1,-6.30201917844054
Sym_123075_c0_g1,-9.8207193837219
Sym_123107_c1_g1,2.09405734686985
Sym_123107_c1_g2,-4.68253470936382
Sym_123211_c0_g1,6.4174529685801
Sym_123223_c1_g1,0.155826261350714
Sym_123481_c4_g1,-0.327227425991882
Sym_123481_c4_g3,-0.784075708390857
Sym_123848_c1_g2,3.86241113123675
Sym_123931_c0_g2,-2.59655536827482
Sym_123942_c3_g1,-2.01435200380177
Sym_123942_c3_g2,-24.8811046795536
Sym_123946_c0_g11,10.5762447050543
Sym_124074_c0_g1,0.864062763529353
Sym_124087_c4_g1,-1.75744671901727
Sym_124239_c2_g2,-4.8540752549273
Sym_124259_c4_g2,4.96394347136434
Sym_124310_c0_g1,-1.65990285524565
Sym_124370_c1_g1,-0.749543055323635
Sym_124424_c0_g1,1.295052376249
Sym_124465_c4_g3,8.16127540490312
Sym_124527_c1_g1,22.7798678611288
Sym_124628_c1_g1,1.18675308138525
Sym_124637_c7_g1,0.216404725209124
Sym_124674_c0_g1,-1.12479613578875
Sym_125058_c1_g1,-3.87008939911856
Sym_125225_c1_g1,-1.14246942787615
Sym_125225_c1_g2,-0.884062965989569
Sym_125225_c1_g3,-33.5462755234933
Sym_125444_c1_g1,-1.7611193274529
Sym_125444_c2_g1,-2.65056917631471
Sym_125492_c0_g1,-4.56610103161637
Sym_125580_c4_g2,-0.690193837877071
Sym_125580_c6_g3,-0.696121334787317
Sym_125664_c1_g1,-1.91321998526212
Sym_125678_c4_g1,-0.879816788675344
Sym_125684_c0_g2,1.08965390609975
Sym_12575_c0_g1,-1.41595872916561
Sym_125782_c2_g1,8.76383222717672
Sym_125797_c2_g1,-1.1452312768467
Sym_125797_c4_g2,-0.342156392966883
Sym_125797_c5_g1,-2.95914784265126
Sym_125914_c2_g1,0.871948349653924
Sym_126107_c6_g1,9.84528351805665
Sym_126375_c0_g3,-1.78109462323396
Sym_126387_c0_g1,-2.6672554863897
Sym_126392_c0_g1,-0.375257295454064
Sym_12667_c0_g1,23.1703170260706
Sym_1267_c0_g1,-2.13715371534111
Sym_126811_c0_g5,-7.49067222001417
Sym_126905_c3_g1,1.29270683892276
Sym_126957_c4_g1,-21.0785162079911
Sym_126957_c4_g3,3.8226483102653
Sym_127011_c1_g1,-14.0505746036597
Sym_127029_c0_g1,3.06284301961609
Sym_127030_c0_g1,-0.119833393653558
Sym_127035_c0_g2,-3.12921513152208
Sym_127038_c1_g1,0.659231085425981
Sym_127086_c1_g3,-0.37676116562809
Sym_127107_c0_g1,-2.9995285573542
Sym_127107_c2_g3,4.00351108579686
Sym_127134_c8_g1,2.35109343671066
Sym_127211_c0_g1,0.0930740823063977
Sym_127566_c0_g2,-0.58952107701192
Sym_127601_c1_g3,-0.245596073381018
Sym_127651_c0_g1,0.372376765092312
Sym_127678_c0_g1,0.0994672982870156
Sym_127689_c0_g1,0.181510991001589
Sym_127729_c1_g1,0.888783749795446
Sym_127738_c2_g1,-0.0703108772339378
Sym_128044_c3_g2,-6.92683573691438
Sym_128113_c2_g1,1.00682603082264
Sym_128149_c1_g1,-8.56468437355879
Sym_128149_c1_g2,-1.59110548892356
Sym_128217_c1_g1,-0.255837355892116
Sym_128217_c2_g1,-1.04149714150775
Sym_128217_c2_g5,1.48139837584922
Sym_128217_c2_g7,-0.735500198880024
Sym_128219_c3_g2,-0.915366705528734
Sym_128463_c0_g2,0.252818740820886
Sym_128548_c0_g1,-0.151777504694974
Sym_128685_c8_g1,2.48880373911253
Sym_128695_c4_g1,12.1987826509507
Sym_128696_c2_g1,-1.38519035644478
Sym_128765_c0_g1,6.66498426862756
Sym_12881_c0_g1,-0.487516221263503
Sym_129415_c3_g2,-0.843636299034037
Sym_129530_c0_g2,0.0242223884522033
Sym_129592_c3_g6,2.69264765905508
Sym_129674_c4_g1,0.660907814228127
Sym_129674_c4_g3,-0.941995352228169
Sym_129719_c1_g1,43.331299791573
Sym_129855_c5_g1,-1.34351562150617
Sym_129855_c5_g2,0.580227570705395
Sym_129893_c0_g1,3.12935453210894
Sym_130013_c0_g1,5.79357003684775
Sym_130052_c2_g1,-0.0060010780390281
Sym_130099_c0_g1,0.34508180391877
Sym_130165_c13_g1,-2.71389785295499
Sym_130188_c9_g2,-14.4755642633647
Sym_130202_c0_g3,-12.3765042206257
Sym_13022_c0_g1,-3.47073371921022
Sym_130271_c1_g1,1.75360847829692
Sym_130308_c1_g9,-0.668670224441195
Sym_130330_c1_g2,-3.98884090566528
Sym_130366_c3_g1,0.452748800089364
Sym_130366_c3_g5,-2.78883627230781
Sym_130413_c1_g1,6.66165254509827
Sym_130444_c3_g1,7.14035556696291
Sym_130730_c0_g1,1.72770620923933
Sym_130850_c4_g1,-7.00264615068799
Sym_130891_c0_g1,1.57962879379171
Sym_131189_c6_g1,0.328591245914557
Sym_131343_c2_g1,0.302896505667297
Sym_131859_c1_g2,5.49763257698893
Sym_132052_c0_g1,3.55427053019909
Sym_132052_c0_g3,4.0592945813286
Sym_132074_c0_g3,-0.809785024550459
Sym_132105_c3_g6,-0.383505720273375
Sym_132105_c3_g7,-3.50389048120178
Sym_132117_c0_g1,-2.10353200967205
Sym_132348_c0_g4,-0.124257348517989
Sym_132390_c3_g2,-6.57372798266823
Sym_132395_c3_g1,0.459520229111156
Sym_132503_c0_g2,-2.16664727268326
Sym_132541_c0_g1,87.5784767093902
Sym_132541_c0_g2,16.4648890515475
Sym_132727_c2_g3,2.58032439899004
Sym_132845_c3_g1,5.55213589679392
Sym_133134_c4_g1,5.06912418885351
Sym_133183_c1_g1,16.2445683959144
Sym_133217_c1_g1,-18.9079167305601
Sym_133396_c0_g1,40.8952472842028
Sym_133404_c1_g3,-0.882999579224906
Sym_133411_c1_g1,11.8050875689083
Sym_133411_c1_g2,3.85795954115825
Sym_133501_c0_g1,-0.227267329917223
Sym_133513_c1_g2,0.695733902603787
Sym_133564_c0_g1,-27.7857247249794
Sym_1337_c0_g1,1.67987916640138
Sym_133740_c1_g1,1.19262225855067
Sym_133813_c2_g1,1.63429599082576
Sym_133957_c1_g1,-1.19287691991137
Sym_134024_c1_g1,-2.15332882741841
Sym_134154_c0_g2,-1.04451324852116
Sym_134172_c0_g1,0.967521172773562
Sym_134278_c8_g1,4.78122529319631
Sym_134288_c0_g1,5.69098090999479
Sym_134551_c1_g1,-0.10096439976306
Sym_134569_c0_g2,-5.99985795533492
Sym_134584_c0_g1,-0.642663161458243
Sym_134584_c0_g2,-16.4656108131241
Sym_134584_c0_g4,-4.27733566028006
Sym_134746_c2_g1,6.99880285868792
Sym_135001_c0_g1,-0.270453667276353
Sym_135077_c1_g1,3.45179520895251
Sym_135077_c3_g1,6.39940249779903
Sym_135114_c3_g2,-6.29893885155836
Sym_135158_c2_g4,5.74493588150125
Sym_135168_c1_g2,1.42905725543861
Sym_135168_c1_g4,4.42658279439875
Sym_135168_c1_g5,1.88856533180518
Sym_135251_c2_g1,-3.02844963042915
Sym_135260_c3_g1,1.87206101842812
Sym_135624_c0_g1,4.782299054378
Sym_135883_c2_g1,-1.80522613802779
Sym_135943_c0_g1,-5.2773554839693
Sym_136070_c1_g1,-0.107613753970097
Sym_136070_c2_g1,-0.788638446079213
Sym_136210_c0_g1,-14.3611568304875
Sym_136210_c0_g3,-0.639618035827603
Sym_136293_c0_g2,-3.37737004630881
Sym_136321_c0_g1,0.167476629770178
Sym_13633_c0_g1,8.90055084851923
Sym_136371_c2_g10,3.94552929218118
Sym_136536_c0_g1,0.683980076467963
Sym_136647_c1_g1,4.39973964088674
Sym_136779_c0_g2,-0.518277876359728
Sym_136781_c0_g5,-1.6404308501805
Sym_136796_c2_g1,-8.03906674069742
Sym_136796_c2_g3,-11.8610731125203
Sym_136847_c3_g1,13.8253790144984
Sym_136877_c0_g1,-8.22517020657279
Sym_136909_c0_g1,-50.2285320746841
Sym_136934_c1_g1,0.536029747971933
Sym_136948_c0_g1,-0.716214263232376
Sym_137236_c0_g1,-0.0379066913816722
Sym_137424_c0_g1,-1.34817851044906
Sym_137506_c2_g3,34.7836623884598
Sym_137600_c1_g1,-0.103663438368044
Sym_137692_c1_g2,0.468665870708474
Sym_137794_c4_g3,9.51415313584237
Sym_137859_c0_g1,5.14917723780423
Sym_137891_c2_g1,-0.407132398935403
Sym_138036_c3_g1,-2.38421949389515
Sym_138049_c4_g1,-2.3043677606036
Sym_138067_c3_g1,2.02387726274629
Sym_138233_c0_g1,-1.6287115564472
Sym_138233_c0_g2,2.96637358870538
Sym_138238_c0_g1,-10.6011145341018
Sym_138308_c0_g1,0.0931644276165616
Sym_138442_c2_g4,-1.18276974370925
Sym_138771_c2_g3,-1.66392853913325
Sym_138885_c0_g1,16.7245169933253
Sym_138988_c3_g1,0.581212755003679
Sym_139092_c5_g1,-0.0261441425551672
Sym_139197_c0_g4,1.51937437865346
Sym_139545_c4_g1,-2.18434464043265
Sym_139577_c2_g1,-1.46188431662038
Sym_139626_c1_g1,1.43712902629966
Sym_139652_c5_g1,-0.300596183697581
Sym_139720_c2_g1,1.08740791794949
Sym_139797_c4_g1,1.03306201909284
Sym_139886_c2_g6,1.37611783818192
Sym_139888_c5_g1,1.3279384535732
Sym_139888_c7_g2,0.681824308006141
Sym_139907_c0_g1,-6.50936810694594
Sym_140001_c0_g1,2.0673140114515
Sym_140163_c0_g1,-15.7971748309194
Sym_140570_c1_g1,-0.931106157891359
Sym_140596_c0_g3,0.574595993746948
Sym_140650_c2_g1,6.46784549868931
Sym_140714_c0_g1,-4.69561740773836
Sym_140764_c3_g1,-10.6879783197305
Sym_140810_c1_g1,-4.10767297658987
Sym_140841_c1_g1,-33.560416412809
Sym_140883_c1_g1,2.02835945167139
Sym_140971_c3_g1,-0.489057664169804
Sym_141083_c0_g1,-34.6589692433408
Sym_141301_c4_g1,0.944247238774636
Sym_141362_c0_g3,-23.0893145157363
Sym_141552_c4_g1,6.73105390834604
Sym_141581_c2_g1,-9.57660037704532
Sym_141605_c3_g1,1.37398482112423
Sym_141800_c0_g2,0.47897893811716
Sym_141827_c4_g1,1.2634554793492
Sym_141827_c8_g5,0.454918608455626
Sym_141827_c8_g7,52.6979283594001
Sym_141840_c3_g4,-4.71535831482541
Sym_141852_c2_g1,-2.28055511967999
Sym_141870_c2_g1,1.22732732626939
Sym_141875_c0_g1,0.744672513679274
Sym_141920_c0_g1,-6.83738353380436
Sym_141929_c0_g1,-8.5315501071109
Sym_142107_c1_g1,0.374848530258785
Sym_142137_c4_g1,-0.154574295436719
Sym_142188_c6_g1,4.32133899547792
Sym_142188_c6_g3,-1.70035657896056
Sym_142252_c2_g5,-2.01570101733083
Sym_142252_c2_g6,-2.02462849039976
Sym_142289_c1_g1,9.17544612604483
Sym_142353_c0_g1,1.52976519237599
Sym_142384_c1_g2,-2.98914327760776
Sym_14255_c0_g1,4.1184788022005
Sym_142555_c1_g1,0.169891705422302
Sym_142787_c0_g5,0.141654706137382
Sym_142841_c0_g1,2.46929983049642
Sym_142887_c2_g6,-0.449346696719397
Sym_143083_c3_g1,24.2102710764346
Sym_143103_c2_g1,-41.4386031739161
Sym_143145_c5_g3,2.24157238905527
Sym_143167_c1_g3,-0.585699903389326
Sym_143181_c6_g1,0.648348893623399
Sym_143244_c1_g1,2.7698706683999
Sym_143319_c2_g2,4.58483716221962
Sym_14340_c0_g1,-2.14084318752206
Sym_143426_c2_g1,0.205228301249726
Sym_143442_c1_g1,1.78011462029078
Sym_143488_c3_g4,-14.1172106916436
Sym_143645_c0_g7,0.523529725587811
Sym_143692_c1_g1,0.957282614589345
Sym_143692_c3_g2,1.52098184359449
Sym_143732_c3_g1,15.9152891981399
Sym_143740_c1_g2,34.47584084868
Sym_144129_c1_g1,2.09348614525302
Sym_144163_c0_g1,-6.08434381056144
Sym_144233_c1_g1,-1.80600735446458
Sym_144258_c1_g1,-7.87517180648943
Sym_144324_c2_g4,-1.37972989358511
Sym_144596_c0_g1,-2.01087942824144
Sym_144752_c2_g3,0.0547262975035669
Sym_144769_c1_g2,1.54946231946607
Sym_144810_c0_g3,1.27798215625702
Sym_144846_c0_g1,1.22036306458667
Sym_144870_c1_g1,6.96690523068388
Sym_144894_c1_g1,1.34506890560636
Sym_144984_c0_g1,-7.4548056030626
Sym_145065_c1_g1,0.0343944423874641
Sym_145214_c0_g1,2.33003031748302
Sym_145469_c3_g3,11.6227217530315
Sym_145507_c1_g1,0.476052551838352
Sym_145648_c3_g1,-1.29956574757161
Sym_145764_c6_g1,0.681970172358479
Sym_146097_c1_g1,-2.22541944258783
Sym_146098_c0_g3,38.3523602672833
Sym_146119_c2_g1,13.9919184311761
Sym_146266_c4_g1,0.0862534207774375
Sym_146311_c1_g1,-0.647380531078455
Sym_146478_c6_g1,1.71132106324327
Sym_146541_c1_g1,-9.13958564879804
Sym_146561_c3_g1,1.19933333583895
Sym_146594_c3_g3,0.198778127196969
Sym_146768_c0_g4,-9.61754795004727
Sym_146771_c2_g4,-3.74320181085945
Sym_146798_c0_g2,0.136337173633475
Sym_146798_c1_g2,11.1900322548739
Sym_147014_c3_g1,20.8347582823119
Sym_147119_c0_g1,0.232845356594816
Sym_147153_c0_g2,-9.50723340664905
Sym_147159_c6_g1,-0.340245221904624
Sym_147201_c3_g4,0.911152179387845
Sym_147389_c1_g1,2.07192075829319
Sym_147654_c1_g3,-1.72092313828284
Sym_147711_c0_g1,-10.1414490085074
Sym_147711_c0_g2,-21.0383822755265
Sym_147744_c1_g4,-7.3401589575279
Sym_147909_c3_g1,-0.689089358657196
Sym_147909_c3_g2,3.12679314507652
Sym_147909_c3_g4,-6.7073464813217
Sym_147948_c1_g2,-0.945698761299051
Sym_148027_c1_g6,1.28187467015851
Sym_148202_c1_g5,0.0913557835359249
Sym_148438_c3_g2,-0.201421777508121
Sym_148526_c4_g3,1.85970067400414
Sym_148542_c0_g2,-8.68155642235073
Sym_148684_c0_g1,3.76339063457098
Sym_148791_c2_g2,-35.8875530573902
Sym_148851_c1_g6,-0.825689060828863
Sym_149243_c2_g1,-3.2799573767506
Sym_149385_c2_g1,-6.59542292258238
Sym_149453_c1_g1,3.27122584780899
Sym_149480_c0_g1,-22.7674173554336
Sym_149661_c2_g2,0.0460605691050296
Sym_14983_c0_g1,-2.2659270331777
Sym_149885_c1_g2,10.4657523906596
Sym_149982_c0_g1,-5.72723951694765
Sym_150273_c1_g4,-0.393816729865708
Sym_150292_c0_g1,25.6863528656433
Sym_150365_c0_g1,0.956956002835553
Sym_150401_c1_g2,-14.5570627816917
Sym_150432_c3_g6,65.301758414343
Sym_150495_c0_g1,0.184401139199472
Sym_150495_c0_g2,21.3854150507696
Sym_150502_c5_g1,0.105193787024146
Sym_150538_c4_g3,1.4722845737174
Sym_150566_c1_g1,-2.01155704070221
Sym_150686_c2_g1,1.27706869695363
Sym_150721_c4_g1,0.798016581496855
Sym_150793_c4_g4,-0.229985657225176
Sym_150899_c0_g1,0.635474722795641
Sym_150899_c1_g1,-0.988594505290675
Sym_151306_c5_g1,-0.476163687936172
Sym_151345_c3_g1,10.9378066978567
Sym_151419_c0_g1,-1.29061403064443
Sym_151660_c1_g1,-6.55278362639221
Sym_151681_c1_g1,11.1179008229808
Sym_151964_c3_g3,0.890644768675223
Sym_152009_c2_g4,1.05057687123312
Sym_152125_c5_g2,-5.96528655179088
Sym_15214_c0_g1,0.639009975779931
Sym_152195_c2_g1,0.469042742146618
Sym_15227_c0_g1,-6.69070232727615
Sym_152309_c0_g1,-13.3434286141426
Sym_152309_c0_g2,-13.0678014328709
Sym_152413_c1_g1,1.7449702957229
Sym_15246_c0_g1,2.79216623482898
Sym_152567_c7_g1,0.863653058194535
Sym_15271_c0_g1,-0.176408134864251
Sym_152725_c5_g1,-0.273300570867083
Sym_152936_c1_g1,-5.27243306505075
Sym_152941_c1_g1,-6.62666164431081
Sym_152950_c1_g1,0.52413988373306
Sym_152950_c3_g7,-0.186907491593253
Sym_152952_c3_g1,-16.746961206765
Sym_153026_c2_g2,1.15329650202157
Sym_153078_c0_g1,2.73290386315603
Sym_153241_c0_g1,0.706261446938692
Sym_153869_c0_g1,7.17686370076511
Sym_153872_c0_g1,-0.12601708860367
Sym_153874_c0_g1,0.0740505794260727
Sym_153954_c1_g1,-18.3245629280505
Sym_154731_c5_g7,-3.97951439879873
Sym_154847_c0_g1,-5.05707689809013
Sym_154888_c1_g1,0.0378500732936434
Sym_154890_c3_g1,-4.87185981801515
Sym_154942_c2_g2,-1.43607757147664
Sym_155004_c1_g1,1.85055375521349
Sym_156036_c0_g1,0.386655847576462
Sym_156041_c0_g1,-3.51427202973404
Sym_156128_c0_g1,-1.78139782610935
Sym_156143_c0_g1,20.7385805958557
Sym_156161_c0_g1,10.9903483156048
Sym_156169_c0_g1,4.14843820389996
Sym_156215_c0_g1,2.88163156597423
Sym_156351_c0_g1,-15.9644697552612
Sym_156834_c0_g1,32.3112190788721
Sym_157121_c0_g1,0.325137646284425
Sym_157423_c0_g1,-0.0892566555752567
Sym_157544_c0_g1,5.12306441310604
Sym_157588_c0_g1,0.200102272497768
Sym_157759_c0_g1,-0.0858621232634829
Sym_157791_c0_g1,-1.03300528890594
Sym_157794_c0_g1,-1.36940810567684
Sym_158035_c0_g1,1.52467026551778
Sym_158092_c0_g1,-7.04880825754928
Sym_158124_c0_g1,3.25812769264117
Sym_15814_c0_g1,6.65732164614741
Sym_158602_c0_g1,-4.32728337743966
Sym_158800_c0_g1,2.2222848397151
Sym_158849_c0_g1,-1.47516416265636
Sym_159033_c0_g1,5.38072381800273
Sym_159479_c0_g1,41.1517133942997
Sym_15960_c0_g1,1.39467913634568
Sym_159792_c0_g1,-2.82634584121262
Sym_159998_c0_g1,2.2275366209943
Sym_161035_c0_g1,2.69259654354553
Sym_161050_c0_g1,-1.32387778250192
Sym_161074_c0_g1,1.1084303703434
Sym_161128_c0_g1,-0.961143718208584
Sym_161926_c0_g1,3.95818970242451
Sym_16214_c0_g1,3.2348177583398
Sym_16287_c0_g1,4.27401634485162
Sym_16291_c0_g1,2.44140509767392
Sym_163020_c0_g1,7.10227715071896
Sym_163348_c0_g1,2.83909779078719
Sym_16492_c0_g1,3.47583201297011
Sym_16652_c0_g1,-4.99181508771537
Sym_16793_c0_g1,-1.29361450531479
Sym_17070_c0_g1,15.1068107910436
Sym_17075_c0_g1,-1.67195689863185
Sym_17093_c0_g1,-6.46170478665021
Sym_17171_c0_g1,-0.494362439199835
Sym_171762_c0_g1,1.56695775847974
Sym_171811_c0_g1,-3.11663922102671
Sym_171849_c0_g1,-1.14381045110826
Sym_171965_c0_g1,0.786731154185698
Sym_17199_c0_g1,32.1066266333201
Sym_172134_c0_g1,-27.883129084185
Sym_172215_c0_g1,-1.90647389053258
Sym_172288_c0_g1,-0.950298112413141
Sym_172493_c0_g1,-0.963257360016379
Sym_172768_c0_g1,3.23836938437159
Sym_172803_c0_g1,0.927292555897375
Sym_172864_c0_g1,1.71546329564622
Sym_172876_c0_g1,-0.171098543553224
Sym_172892_c0_g1,0.827905440260529
Sym_17290_c0_g1,23.45232249312
Sym_172918_c0_g1,-0.917067350882584
Sym_173028_c0_g1,4.50654481041839
Sym_173215_c0_g1,-3.20848971789341
Sym_173316_c0_g1,3.88010133306501
Sym_173467_c0_g1,0.529493759457395
Sym_173607_c0_g1,3.6365336517122
Sym_173686_c0_g1,3.4197220733859
Sym_173830_c0_g1,0.278002228680759
Sym_173884_c0_g1,24.1307682044693
Sym_17417_c0_g2,-2.32065120795158
Sym_174193_c0_g1,2.65815519935188
Sym_174242_c0_g1,-0.117588275299817
Sym_174569_c0_g1,-8.64801601610341
Sym_174615_c0_g1,-15.4602818578796
Sym_17477_c0_g1,-1.46357621549602
Sym_175026_c0_g1,-1.05949013455339
Sym_17542_c0_g1,2.91078483772226
Sym_175477_c0_g1,5.19258061944442
Sym_175570_c0_g1,22.9703789492438
Sym_175609_c0_g1,0.00534421171452224
Sym_175624_c0_g1,-2.74862278693701
Sym_175739_c0_g1,5.55012507229704
Sym_175830_c0_g1,-0.589083045504747
Sym_176037_c0_g1,-1.11307436051263
Sym_176095_c0_g1,-0.169696819190917
Sym_176560_c0_g1,-18.4079248311845
Sym_176601_c0_g1,-8.03646858050133
Sym_176625_c0_g1,0.766230535475986
Sym_176710_c0_g1,1.54704140763685
Sym_176720_c0_g1,-2.85945676504464
Sym_177101_c0_g1,-2.78366657627827
Sym_177532_c0_g1,-5.25388963457335
Sym_177697_c0_g1,1.62722310770508
Sym_178064_c0_g1,-23.2918863150025
Sym_178180_c0_g1,-0.713952365086663
Sym_17826_c0_g1,11.2319662948131
Sym_178327_c0_g1,0.145631277429084
Sym_178423_c0_g1,-0.362223827174645
Sym_178495_c0_g1,-10.5050691487353
Sym_178519_c0_g1,66.5119282760703
Sym_178547_c0_g1,-0.271399528312446
Sym_178712_c0_g1,-6.15432386553485
Sym_178755_c0_g1,3.15648794257655
Sym_178813_c0_g1,-1.84848175431372
Sym_178848_c0_g1,2.82822541798974
Sym_178992_c0_g1,-0.980548321767359
Sym_179203_c0_g1,-0.489511032744814
Sym_17949_c0_g1,-4.13711277799179
Sym_179513_c0_g1,3.07635729572948
Sym_179741_c0_g1,-5.07194466135159
Sym_179816_c0_g1,-4.02748164881195
Sym_180059_c0_g1,12.9459418464652
Sym_180330_c0_g1,3.42109846553256
Sym_180364_c0_g1,-0.687284363485995
Sym_180377_c0_g1,0.883487753592243
Sym_180582_c0_g1,1.7111486346808
Sym_181839_c0_g1,-5.0357255641442
Sym_182158_c0_g1,0.79808151154922
Sym_18246_c0_g1,-0.419970839420545
Sym_182496_c0_g1,8.22448440520393
Sym_183657_c0_g1,-0.596076050930045
Sym_183915_c0_g1,-4.56611895122479
Sym_184074_c0_g1,-4.83552334793198
Sym_184122_c0_g1,-1.93409764716568
Sym_184442_c0_g1,1.38514875884883
Sym_185383_c0_g1,-1.90027588394078
Sym_186652_c0_g1,2.85477274927126
Sym_18689_c0_g1,1.39270122325715
Sym_188258_c0_g1,0.796990503010298
Sym_18974_c0_g1,1.52550426932868
Sym_18999_c0_g1,0.0679479161022356
Sym_191318_c0_g1,-11.1940889681163
Sym_19520_c0_g1,9.31579925123738
Sym_19611_c0_g1,12.290935834669
Sym_19765_c0_g1,-0.147842872143834
Sym_19798_c0_g1,1.44512871520321
Sym_20070_c0_g1,2.46163451449047
Sym_20077_c0_g1,2.99156604682994
Sym_20230_c0_g1,-0.372112196963921
Sym_20281_c0_g1,-0.153031670760767
Sym_20282_c0_g1,-1.09059881002818
Sym_204586_c0_g1,-1.35425891842548
Sym_204742_c0_g1,27.3075429482608
Sym_204819_c0_g1,-1.69835332626239
Sym_204842_c0_g1,11.9192871911241
Sym_204881_c0_g1,-0.0309675417050977
Sym_20490_c0_g1,-3.74902751944629
Sym_204970_c0_g1,12.7740657840619
Sym_205008_c0_g1,-1.77202106387864
Sym_205051_c0_g1,42.7640046487121
Sym_205311_c0_g1,0.125142171391187
Sym_205463_c0_g1,-0.337560245879468
Sym_205539_c0_g1,-3.09521088457911
Sym_20565_c0_g1,-23.1992925448555
Sym_205985_c0_g1,2.70872824536099
Sym_206071_c0_g1,1.24944365338526
Sym_206385_c0_g1,-0.753720982577791
Sym_206392_c0_g1,0.709489740360198
Sym_206489_c0_g1,2.24372783688454
Sym_206507_c0_g1,-0.955032479206613
Sym_206605_c0_g1,37.1995465404386
Sym_206898_c0_g1,-26.695941885824
Sym_207009_c0_g1,-4.14012648320565
Sym_207053_c0_g1,6.18053947817037
Sym_207287_c0_g1,-23.10182303123
Sym_207331_c0_g1,-3.82828024782605
Sym_207332_c0_g1,58.8706844300845
Sym_207344_c0_g1,1.36148651612415
Sym_207432_c0_g1,6.46418675877572
Sym_207498_c0_g1,4.52468487137072
Sym_207799_c0_g1,-3.76243474662419
Sym_207866_c0_g1,-2.47982270575468
Sym_207894_c0_g1,0.0592882084925792
Sym_207967_c0_g1,2.20840633592825
Sym_208091_c0_g1,-18.1404682519298
Sym_208111_c0_g1,1.3337111380408
Sym_208217_c0_g1,1.6415193573384
Sym_208475_c0_g1,-0.143816837569242
Sym_208707_c0_g1,-2.39351159685389
Sym_208720_c0_g1,1.80213122071665
Sym_208761_c0_g1,-0.393031981258319
Sym_208766_c0_g1,0.160174274323147
Sym_20880_c0_g1,1.14794353165107
Sym_209041_c0_g1,0.385379095867802
Sym_209170_c0_g1,-1.30195701808936
Sym_209410_c0_g1,-4.38240715625011
Sym_209417_c0_g1,-4.74645384330407
Sym_209523_c0_g1,0.293516064626713
Sym_209795_c0_g1,2.19261303595843
Sym_209842_c0_g1,5.32061715526807
Sym_209908_c0_g1,3.32867135289013
Sym_210042_c0_g1,0.0635397749552349
Sym_210146_c0_g1,4.04518872206962
Sym_210278_c0_g1,0.633730361063719
Sym_210325_c0_g1,4.40203812994405
Sym_210375_c0_g1,4.58194008280158
Sym_210456_c0_g1,-0.0545897920441155
Sym_210767_c0_g1,-0.673415162244184
Sym_210990_c0_g1,-0.310371373650936
Sym_211422_c0_g1,-3.03747377398748
Sym_211946_c0_g1,-1.04620368907933
Sym_212018_c0_g1,0.350135824980481
Sym_21232_c0_g1,0.719403802528619
Sym_214244_c0_g1,2.77942305710771
Sym_214283_c0_g1,5.79718893734065
Sym_214581_c0_g1,-2.05410007735957
Sym_214721_c0_g1,-2.07066726841624
Sym_215526_c0_g1,5.28458506633988
Sym_215998_c0_g1,-1.44046982543904
Sym_216120_c0_g1,6.67920103795264
Sym_21699_c0_g1,0.763327429329262
Sym_217673_c0_g1,0.273915707971849
Sym_218000_c0_g1,-10.5091277982627
Sym_21827_c0_g1,-2.24475920968203
Sym_21912_c0_g1,-0.372853171193425
Sym_219454_c0_g1,5.74966793288588
Sym_219681_c0_g1,0.262334974802678
Sym_219969_c0_g1,2.05144249988916
Sym_2206_c0_g1,3.97211135634639
Sym_220791_c0_g1,11.6297160434081
Sym_221660_c0_g1,0.191712653156348
Sym_22205_c0_g1,-5.78671523815759
Sym_22256_c0_g1,-0.0988758472227573
Sym_22266_c0_g1,-41.9908257990247
Sym_22287_c0_g1,2.68838065433686
Sym_22342_c0_g1,-42.1225681190146
Sym_22624_c0_g1,-102.552320008339
Sym_23006_c0_g1,0.952862833223824
Sym_23362_c0_g1,1.69495776138638
Sym_23401_c0_g1,-1.7851249767192
Sym_237183_c0_g1,-0.644286415805207
Sym_237228_c0_g1,-2.80811175829364
Sym_237292_c0_g1,14.0334708490634
Sym_237344_c0_g1,31.3416735520732
Sym_237405_c0_g1,1.82137957148418
Sym_237454_c0_g1,3.70402737149073
Sym_237486_c0_g1,-0.98602422295719
Sym_237527_c0_g1,-4.44436250632941
Sym_237540_c0_g1,12.8269391528626
Sym_237620_c0_g1,-2.99023873235234
Sym_237973_c0_g1,9.73463297794706
Sym_238053_c0_g1,-9.4612920684901
Sym_238186_c0_g1,-10.524483430773
Sym_238341_c0_g1,-0.602009236737018
Sym_238370_c0_g1,-1.47320188180848
Sym_238440_c0_g1,1.98864663697952
Sym_238548_c0_g1,1.50234183174455
Sym_238841_c0_g1,-31.2909866057461
Sym_238849_c0_g1,-20.0506703766112
Sym_238973_c0_g1,-1.84890170034319
Sym_239078_c0_g1,-3.23406926449652
Sym_23937_c0_g1,-0.864788614761352
Sym_239420_c0_g1,-6.31244737208233
Sym_239506_c0_g1,-2.72976483081441
Sym_239641_c0_g1,-0.568746505771561
Sym_239708_c0_g1,7.0838059602986
Sym_239710_c0_g1,-1.69126392929531
Sym_239852_c0_g1,12.4944319163001
Sym_239878_c0_g1,1.51382130013829
Sym_23993_c0_g1,-1.82669176591325
Sym_24015_c0_g1,-1.13904656537272
Sym_240262_c0_g1,3.71379697854576
Sym_240340_c0_g1,1.91189230212734
Sym_240603_c0_g1,-1.84427346955806
Sym_241271_c0_g1,-0.307837966425206
Sym_241437_c0_g1,1.21336800865552
Sym_241528_c0_g1,-1.57908760440093
Sym_241637_c0_g1,-171.106405697702
Sym_241714_c0_g1,-0.314011458348762
Sym_241870_c0_g1,-16.0339818330298
Sym_242005_c0_g1,-3.2046473782362
Sym_242022_c0_g1,3.34656226455915
Sym_242060_c0_g1,-0.752799143847204
Sym_242526_c0_g1,-56.179349420661
Sym_242660_c0_g1,10.4490856997412
Sym_242672_c0_g1,-1.35216620070083
Sym_242698_c0_g1,0.111058765674071
Sym_242902_c0_g1,4.57110323361817
Sym_24293_c0_g1,80.7042608259847
Sym_243055_c0_g1,4.52918790494817
Sym_243093_c0_g1,-4.75300858558094
Sym_243134_c0_g1,3.44784152451353
Sym_243324_c0_g1,0.651907607043616
Sym_243366_c0_g1,3.94212997893544
Sym_24343_c0_g1,8.10534569061121
Sym_243564_c0_g1,0.133783567503896
Sym_243665_c0_g1,-3.63435883514736
Sym_243801_c0_g1,-0.541678045152999
Sym_243850_c0_g1,4.78508824593972
Sym_244029_c0_g1,0.952466440208884
Sym_244075_c0_g1,-0.107405140265272
Sym_244110_c0_g1,-20.5865898008792
Sym_244452_c0_g1,0.349388439156247
Sym_244501_c0_g1,-11.4187203640221
Sym_244548_c0_g1,-82.6136457279799
Sym_244675_c0_g1,-0.288427091679362
Sym_244685_c0_g1,-0.673527880657245
Sym_244715_c0_g1,4.47446505987966
Sym_244729_c0_g1,-0.601789922368844
Sym_244903_c0_g1,22.5540895518287
Sym_244921_c0_g1,0.23520178034938
Sym_245001_c0_g1,5.21645581361147
Sym_245148_c0_g1,-6.55485484850198
Sym_245377_c0_g1,0.0495008727236839
Sym_245477_c0_g1,-1.5035535529502
Sym_245573_c0_g1,3.45422802139215
Sym_24568_c0_g1,17.5132601746894
Sym_24665_c0_g1,-3.68636473016782
Sym_247409_c0_g1,8.835587225789
Sym_247747_c0_g1,0.527206333922543
Sym_248306_c0_g1,25.551343759283
Sym_24845_c0_g1,3.13948561032096
Sym_248486_c0_g1,9.89643354707171
Sym_249375_c0_g1,-35.781965240006
Sym_249473_c0_g1,0.730817583397955
Sym_24952_c0_g1,-73.4970993718116
Sym_24959_c0_g1,6.10656426227085
Sym_249966_c0_g1,8.80614038090333
Sym_250042_c0_g1,0.205404428727127
Sym_25113_c0_g1,29.1351360662496
Sym_251235_c0_g1,0.22675859531797
Sym_251590_c0_g1,-0.20252930534316
Sym_253127_c0_g1,-4.73464679747159
Sym_25342_c0_g1,-4.28881174763577
Sym_25374_c0_g1,2.94318570372365
Sym_254958_c0_g1,2.87460504017895
Sym_25689_c0_g1,0.794825840785856
Sym_2572_c0_g1,-1.85400768144971
Sym_2618_c0_g1,-9.10076564633944
Sym_26664_c0_g1,1.83606549295154
Sym_270793_c0_g1,-2.86971945240603
Sym_270825_c0_g1,-0.483516220880903
Sym_270903_c0_g1,11.9253067791244
Sym_270980_c0_g1,17.9543783817564
Sym_271236_c0_g1,0.151201582533744
Sym_271320_c0_g1,1.75790296317142
Sym_271368_c0_g1,41.8882316485261
Sym_271505_c0_g1,-1.42333753676402
Sym_271656_c0_g1,-0.143198459768868
Sym_271720_c0_g1,-0.302109674011702
Sym_271902_c0_g1,1.51825671502612
Sym_272013_c0_g1,-0.991850763632602
Sym_272052_c0_g1,-13.1742209129836
Sym_272113_c0_g1,-6.89937328611478
Sym_272170_c0_g1,2.02710291201607
Sym_272184_c0_g1,-0.356473069265351
Sym_272411_c0_g1,3.67457206732949
Sym_272568_c0_g1,7.30734154847301
Sym_273288_c0_g1,-1.08123611706541
Sym_273322_c0_g1,40.2219482438166
Sym_273633_c0_g1,22.4829597517135
Sym_273654_c0_g1,-2.28370840032974
Sym_273730_c0_g1,-14.0783107508899
Sym_273930_c0_g1,0.31767716866311
Sym_274050_c0_g1,-1.87027457759169
Sym_274087_c0_g1,-0.978653147926654
Sym_274235_c0_g1,-4.41132657477612
Sym_274297_c0_g1,-1.0055797002762
Sym_274664_c0_g1,-0.327650513927368
Sym_274779_c0_g1,0.0849363036711741
Sym_275088_c0_g1,0.930680523567931
Sym_275105_c0_g1,7.6098923436837
Sym_275195_c0_g1,0.279141589129443
Sym_275222_c0_g1,-0.834411472007626
Sym_275443_c0_g1,1.32077671898506
Sym_27548_c0_g1,-105.784133464232
Sym_275647_c0_g1,-9.43991431093769
Sym_276093_c0_g1,-2.01807976181939
Sym_276207_c0_g1,0.419712273690233
Sym_276271_c0_g1,-15.8375641185038
Sym_276930_c0_g1,-1.82282102814702
Sym_277501_c0_g1,-2.41465959117595
Sym_277579_c0_g1,-1.12586214029734
Sym_277735_c0_g1,1.20813626417492
Sym_277776_c0_g1,0.741765980634583
Sym_278149_c0_g1,-4.28365728780599
Sym_278295_c0_g1,-0.293842970348229
Sym_278352_c0_g1,16.0196436640361
Sym_278829_c0_g1,-0.635122262603036
Sym_279028_c0_g1,0.570297287388001
Sym_279154_c0_g1,-2.30453825968298
Sym_279660_c0_g1,46.3452510953056
Sym_279786_c0_g1,-4.62350849951143
Sym_280040_c0_g1,6.73238728456276
Sym_280188_c0_g1,8.41339311796609
Sym_280195_c0_g1,3.57076081987164
Sym_280359_c0_g1,1.84619076624822
Sym_280742_c0_g1,-2.68713362007579
Sym_281365_c0_g1,-1.05847814681287
Sym_281587_c0_g1,13.5720556888268
Sym_281979_c0_g1,5.48305674750235
Sym_282497_c0_g1,1.50149274552044
Sym_283089_c0_g1,-0.453601614293473
Sym_284038_c0_g1,3.42766916477143
Sym_284899_c0_g1,8.45579161890509
Sym_285073_c0_g1,-2.36653270112235
Sym_287521_c0_g1,-1.24890751135629
Sym_28806_c0_g1,0.487230325126414
Sym_289055_c0_g1,14.7973706761414
Sym_289794_c0_g1,9.24130221375163
Sym_290501_c0_g1,55.7270394935758
Sym_292000_c0_g1,-3.95445356359111
Sym_29379_c0_g1,-1.08412325263515
Sym_294695_c0_g1,4.65296318259861
Sym_29943_c0_g1,-52.2563230712893
Sym_30126_c0_g1,2.31120859424396
Sym_30446_c0_g1,4.94808345748326
Sym_30458_c0_g1,9.39349645305872
Sym_305461_c0_g1,-32.2992857821552
Sym_30640_c0_g1,-4.02515079325207
Sym_306714_c0_g1,0.978529152146471
Sym_307967_c0_g1,-1.14167330805606
Sym_308_c0_g1,-1.86619451783834
Sym_308012_c0_g1,1.48035716834658
Sym_30900_c0_g1,1.93596214803024
Sym_30914_c0_g1,-0.523605829094495
Sym_310133_c0_g1,-0.29261076908325
Sym_310154_c0_g1,-0.212738903749975
Sym_310175_c0_g1,3.45042517342769
Sym_310350_c0_g1,-6.26792462363545
Sym_311128_c0_g1,2.48374500782303
Sym_311130_c0_g1,-0.523562385431443
Sym_311359_c0_g1,0.0151245296859513
Sym_311399_c0_g1,1.92338356419528
Sym_31210_c0_g1,7.95765145019531
Sym_31389_c0_g1,5.65606409699462
Sym_31549_c0_g1,-9.21121526797133
Sym_31601_c0_g1,0.600986549381281
Sym_31654_c0_g1,-0.93634976682627
Sym_317193_c0_g1,-1.31706122180401
Sym_318840_c0_g1,-0.117137179224045
Sym_31998_c0_g1,0.551707971487703
Sym_32_c0_g1,-0.0314231346857711
Sym_32059_c0_g1,-2.877609874202
Sym_32187_c0_g1,0.256640873662391
Sym_32446_c0_g1,1.27590673420292
Sym_324633_c0_g1,-0.63203098922653
Sym_32537_c0_g1,2.75689063519525
Sym_32656_c0_g1,-2.84474404833047
Sym_33323_c0_g1,1.42737524836565
Sym_33350_c0_g1,-10.7721267346381
Sym_33361_c0_g1,2.17749816427936
Sym_33974_c0_g1,2.43103469760835
Sym_34093_c0_g1,3.31330037596783
Sym_34145_c0_g1,-0.460979236256758
Sym_3458_c0_g1,-1.78662846010061
Sym_34620_c0_g1,0.193332378781323
Sym_34715_c0_g1,-0.639784862996645
Sym_36025_c0_g1,1.8142481249365
Sym_36499_c0_g1,-9.77888914354992
Sym_36618_c0_g1,7.44408223697798
Sym_36674_c0_g1,-6.34279663687656
Sym_36761_c0_g1,-0.926685761340455
Sym_36922_c0_g1,-0.532310479765573
Sym_37073_c0_g1,-0.139391498908509
Sym_37163_c0_g1,0.345580155848761
Sym_37500_c0_g1,-1.94293681902073
Sym_37529_c0_g1,-2.72191928614022
Sym_37532_c0_g1,11.7170262649633
Sym_37542_c0_g1,-0.104552580547775
Sym_37592_c0_g1,-0.123217515545181
Sym_37619_c0_g1,-9.50571441560806
Sym_37629_c0_g1,1.19245883001731
Sym_37661_c0_g1,35.7711120666936
Sym_37685_c0_g1,-15.8323059991956
Sym_37874_c0_g1,-16.8214439104806
Sym_38135_c0_g1,-1.11046135033326
Sym_3834_c0_g1,0.830700243377712
Sym_38413_c0_g1,0.146838368673196
Sym_38445_c0_g1,3.85208964343153
Sym_3849_c0_g1,13.3415471948549
Sym_38569_c0_g1,-0.122191866894888
Sym_38593_c0_g1,2.10956829744689
Sym_38682_c0_g1,1.47926711882123
Sym_38777_c0_g1,-7.12327488323247
Sym_39021_c0_g1,2.61601188343492
Sym_39305_c0_g1,0.787593918381219
Sym_39361_c0_g1,9.43248435376576
Sym_39364_c0_g1,-0.979759037418229
Sym_39656_c0_g1,3.43398732905415
Sym_39792_c0_g1,12.8686181890195
Sym_39803_c0_g1,37.6533703651215
Sym_39872_c0_g1,3.5216758685391
Sym_39881_c0_g1,1.19350263580923
Sym_39928_c0_g1,0.252351572710143
Sym_40035_c0_g1,0.662631894139972
Sym_40275_c0_g1,-5.04991064133635
Sym_40337_c0_g1,-13.326714871537
Sym_40394_c0_g1,-0.730978116596005
Sym_40740_c0_g1,-23.2642855050586
Sym_40749_c0_g1,-1.51272048469332
Sym_40769_c0_g1,-2.2957935603224
Sym_40814_c0_g1,-0.289395425027374
Sym_41108_c0_g1,-0.497266584701972
Sym_41532_c0_g1,4.31107557854786
Sym_41544_c0_g1,-3.03950191264711
Sym_41841_c0_g1,1.21863754142777
Sym_41962_c0_g1,1.08588422825182
Sym_42149_c0_g1,0.0200433412692352
Sym_42211_c0_g1,16.825557663946
Sym_42974_c0_g1,-3.01544267259934
Sym_43139_c0_g1,-4.2904971033257
Sym_43299_c0_g1,-0.266394996192403
Sym_43550_c0_g1,-94.7689516492845
Sym_4368_c0_g1,-1.2876170198191
Sym_44279_c0_g1,2.09029069632281
Sym_44296_c0_g1,19.2635961974706
Sym_44505_c0_g1,0.421004598566791
Sym_44539_c0_g1,-4.45426148228751
Sym_44593_c0_g1,9.16842776644483
Sym_44628_c0_g1,-0.702793798425071
Sym_44879_c0_g1,4.7335869199371
Sym_45155_c0_g1,-4.87194586789413
Sym_45310_c0_g1,-4.97532869607661
Sym_45312_c0_g1,-10.4584422296936
Sym_45346_c0_g1,67.763089719202
Sym_45348_c0_g1,-1.82837721255756
Sym_45475_c0_g1,-1.41667114574107
Sym_4566_c0_g1,3.38059422693686
Sym_45744_c0_g1,-1.36925630923183
Sym_45781_c0_g1,-0.927005199751235
Sym_45808_c0_g1,0.135669630053957
Sym_45877_c0_g1,0.205838537351456
Sym_46103_c0_g1,7.69773727702538
Sym_46172_c0_g1,1.64253225095908
Sym_46193_c0_g1,3.14226871129054
Sym_46497_c0_g1,-10.4250492909861
Sym_47360_c0_g1,214.624169197464
Sym_47496_c0_g1,-1.09705898347765
Sym_47677_c0_g1,0.0890176265694631
Sym_47830_c0_g1,1.60181711036416
Sym_47841_c0_g1,4.57774190547217
Sym_4789_c0_g1,-5.42204309423625
Sym_48167_c0_g1,-15.3646207988085
Sym_48268_c0_g1,5.04471491791027
Sym_48803_c0_g1,3.19274584495016
Sym_48829_c0_g1,-34.7139523622795
Sym_49265_c0_g1,-1.3531541027353
Sym_49793_c0_g1,-4.67454487864177
Sym_52211_c0_g1,4.26786162883635
Sym_52394_c0_g1,-0.680238757513064
Sym_52454_c0_g1,1.34283325152173
Sym_52474_c0_g1,35.7075919670851
Sym_52809_c0_g1,0.121958378871567
Sym_53466_c0_g1,-1.33906498337847
Sym_54220_c0_g1,-6.95927892803083
Sym_54301_c0_g1,-1.51757154915523
Sym_54391_c0_g1,-8.05600582992982
Sym_54416_c0_g1,-1.65160670970268
Sym_54482_c0_g1,5.3426654287525
Sym_54490_c0_g1,0.423044846104679
Sym_54566_c0_g2,2.98234251013501
Sym_54880_c0_g1,-1.73470760513363
Sym_54894_c0_g1,-3.92083735993135
Sym_54939_c0_g2,2.23577870547341
Sym_55004_c0_g1,-1.32735484559607
Sym_55202_c0_g1,3.39006304249624
Sym_55250_c0_g1,0.988960573265129
Sym_55297_c0_g1,-0.852520446196488
Sym_55311_c0_g1,2.60783839778249
Sym_5541_c0_g1,3.52354960020766
Sym_55611_c0_g1,-1.68297905386319
Sym_55648_c0_g1,3.75520616078624
Sym_55741_c0_g1,2.61825407924653
Sym_55839_c0_g1,-1.23306356459708
Sym_55899_c0_g1,-7.10005852696714
Sym_56333_c0_g1,-0.253722043694108
Sym_56395_c0_g1,0.639295458696581
Sym_56542_c0_g1,-1.39252351857353
Sym_56648_c0_g1,-2.29578524744166
Sym_56652_c0_g1,-20.1950179524522
Sym_56674_c0_g1,-10.112898153328
Sym_56688_c0_g1,-0.489860087361593
Sym_56804_c0_g1,-49.6730621010336
Sym_56859_c0_g1,-2.74964309995594
Sym_56869_c0_g1,1.30637376275772
Sym_56985_c0_g1,-13.4768623322783
Sym_57053_c0_g1,0.180703105938583
Sym_57067_c0_g1,4.80391962800357
Sym_57084_c0_g2,-0.383510021402578
Sym_57115_c0_g1,-19.6290048016982
Sym_57117_c0_g1,-0.147919278041624
Sym_57158_c0_g1,7.25457897531409
Sym_57177_c0_g1,0.156418985486595
Sym_57311_c0_g1,0.477901135851067
Sym_57312_c0_g1,-10.0808697900356
Sym_57360_c0_g1,0.016381734324454
Sym_57405_c0_g1,-1.32798762278221
Sym_57420_c0_g1,1.46784885436071
Sym_57435_c0_g1,-32.396580611397
Sym_5752_c0_g1,-0.74627336044819
Sym_5762_c0_g1,-9.80149073099372
Sym_57753_c0_g1,4.70950299507389
Sym_57829_c0_g1,-0.313490576684837
Sym_57836_c0_g1,5.9060023528478
Sym_57846_c0_g1,-3.23499316728318
Sym_58226_c0_g1,2.37232746088331
Sym_58279_c0_g1,9.14481740966127
Sym_58316_c0_g1,3.07192446412525
Sym_58361_c0_g1,-0.0453978883779617
Sym_58513_c0_g1,1.3923124052222
Sym_58558_c0_g1,-2.72923494694489
Sym_58609_c0_g1,-4.04641465300012
Sym_58623_c0_g1,3.2183481024125
Sym_58698_c0_g1,2.11304533369138
Sym_58876_c0_g1,0.824148888891554
Sym_58911_c0_g1,1.97305755357255
Sym_58919_c0_g1,0.299455970804086
Sym_58961_c0_g1,0.649399675450011
Sym_58979_c0_g1,0.368231378155417
Sym_58986_c0_g1,-17.4379871687119
Sym_59001_c0_g1,-5.42980088311592
Sym_59023_c0_g1,0.304972448106936
Sym_59028_c0_g1,0.788712356054831
Sym_59045_c0_g1,-9.35884967919702
Sym_59078_c0_g1,31.8996114800884
Sym_59275_c0_g1,1.16079596856905
Sym_59281_c0_g1,0.465578310354626
Sym_59433_c0_g1,9.76122459358128
Sym_59859_c0_g1,-1.14297480778713
Sym_59896_c0_g1,10.7127624373763
Sym_60172_c0_g1,3.05495075847838
Sym_60311_c0_g1,2.22728871236955
Sym_60941_c0_g1,-0.268918112147616
Sym_60995_c0_g1,0.213287212350159
Sym_61136_c0_g1,-17.0834271645504
Sym_61258_c0_g1,0.263033551198223
Sym_614_c0_g1,2.65268836445726
Sym_61674_c0_g1,17.3126007486233
Sym_61879_c0_g1,58.1887702482759
Sym_61886_c0_g1,-5.84396661310896
Sym_62034_c0_g1,1.9985458021215
Sym_62084_c0_g1,-15.0953067802139
Sym_62255_c0_g1,-3.88418803096894
Sym_62270_c0_g1,-1.01687285276097
Sym_62339_c0_g1,1.29160385903682
Sym_62655_c0_g1,-1.21474751060249
Sym_62856_c0_g1,-2.58772379498918
Sym_63193_c0_g1,0.0988708752629849
Sym_64242_c0_g1,0.692145455825683
Sym_64439_c0_g1,5.8886329772578
Sym_64506_c0_g1,-6.24396711133383
Sym_64531_c0_g1,14.6319213555309
Sym_64585_c0_g1,9.92881034440404
Sym_64586_c0_g1,-23.2248876343318
Sym_64601_c0_g1,-1.48915777706098
Sym_64641_c0_g1,-1.14252935376722
Sym_64743_c0_g1,0.601060360278223
Sym_64860_c0_g1,22.6212637903836
Sym_64895_c0_g1,-0.401352821892882
Sym_64932_c0_g1,0.221129503767231
Sym_64989_c0_g1,-0.550940490234102
Sym_64992_c0_g1,1.2025716817443
Sym_65138_c0_g1,-1.75646268069838
Sym_65184_c0_g1,-2.37589241231121
Sym_65189_c0_g1,-0.112871015689418
Sym_65243_c0_g1,-8.3742109230203
Sym_65610_c0_g1,6.86977487377822
Sym_65651_c0_g1,10.1749832732318
Sym_65652_c0_g1,2.96060925779779
Sym_65894_c0_g1,-18.4157446245088
Sym_66011_c0_g1,1.6979670210313
Sym_66064_c0_g1,10.0270251691669
Sym_66124_c0_g1,0.99919919208611
Sym_66153_c0_g1,3.17973616964045
Sym_66161_c0_g1,1.42460141659055
Sym_66163_c0_g1,4.80138540131952
Sym_66183_c0_g1,-26.3240472542483
Sym_66220_c0_g2,-0.509039681960148
Sym_66414_c0_g1,2.86579615836345
Sym_66442_c0_g1,-1.52704085961061
Sym_66494_c0_g1,0.618467022669754
Sym_6679_c0_g1,-0.0765324107318615
Sym_66831_c0_g1,-2.15896765133594
Sym_66898_c0_g1,-3.66362142670141
Sym_66932_c0_g1,0.166276498717277
Sym_66964_c0_g1,1.48086583772891
Sym_66977_c0_g1,18.6270907123996
Sym_66984_c0_g1,-2.30186709025009
Sym_66991_c0_g1,9.44406472655126
Sym_66995_c0_g1,-1.03195201886009
Sym_67222_c0_g1,-4.10081889393991
Sym_67303_c0_g1,8.28206814306756
Sym_67329_c0_g1,15.4748100464024
Sym_67337_c0_g1,2.2499404321323
Sym_67484_c0_g1,-115.26889860352
Sym_67717_c0_g1,1.74115277461089
Sym_68993_c0_g1,-2.13778214267056
Sym_69039_c0_g1,-1.35404696928472
Sym_69075_c0_g1,0.488885922364068
Sym_69080_c0_g1,-0.0680849619071871
Sym_69093_c0_g1,-2.7442541654058
Sym_69137_c0_g1,1.12334338037917
Sym_69155_c0_g1,-4.10708328181024
Sym_69210_c0_g1,-1.71676551746115
Sym_69259_c0_g1,0.392978418448394
Sym_69265_c0_g1,-0.566541661848972
Sym_69270_c0_g1,0.817785652033792
Sym_69276_c0_g1,1.34844432428001
Sym_69313_c0_g1,0.146956702885548
Sym_69350_c0_g1,13.8982936449724
Sym_69381_c0_g1,0.289435031925762
Sym_69503_c0_g1,1.13947015115527
Sym_69528_c0_g1,-2.35708200360019
Sym_69552_c0_g1,0.0416424518644993
Sym_69581_c0_g1,0.313141978258882
Sym_69624_c0_g1,10.6070009055322
Sym_69636_c0_g1,-1.48231894438118
Sym_69694_c0_g1,-1.93358110271316
Sym_69909_c0_g2,8.80737785394336
Sym_70221_c0_g1,0.0247036752602302
Sym_70247_c0_g1,-37.4191155857182
Sym_70465_c0_g2,0.553298316929461
Sym_70543_c0_g1,-1.1260768673882
Sym_70979_c0_g2,1.43307431100288
Sym_71555_c0_g1,-20.7233128298598
Sym_71679_c0_g1,0.376446016143846
Sym_72333_c0_g1,1.5145903876556
Sym_72577_c0_g2,1.58301824394533
Sym_72647_c1_g1,0.721053058572102
Sym_73028_c0_g1,-0.3771766628005
Sym_73036_c0_g1,1.56508215771547
Sym_73130_c0_g2,0.0967074357345642
Sym_73134_c0_g1,-8.36231971430304
Sym_73179_c0_g1,-3.15936848611541
Sym_73202_c0_g1,-15.4251209378384
Sym_73282_c0_g1,-3.2059577326122
Sym_73289_c0_g1,-3.05081841889402
Sym_73368_c0_g1,35.4331434555505
Sym_73555_c0_g1,-22.5965537868834
Sym_73570_c0_g1,0.048740612275282
Sym_73573_c0_g1,5.12411581917763
Sym_73854_c0_g1,0.0790279642513674
Sym_73903_c0_g1,18.5009001730442
Sym_73987_c0_g1,-2.07733535626076
Sym_74088_c0_g1,0.441415175510764
Sym_74166_c0_g2,4.83732812104867
Sym_74206_c0_g1,-8.04747070566367
Sym_74356_c0_g1,1.9368437229883
Sym_74706_c0_g1,-1.57193603670379
Sym_74708_c0_g1,7.30922196760238
Sym_74736_c0_g1,-6.8716664573517
Sym_7475_c0_g1,-2.93895051424542
Sym_74770_c0_g1,-0.00282161753877987
Sym_75011_c0_g1,-2.22560197144428
Sym_75131_c0_g1,4.41145918561376
Sym_75162_c0_g1,-1.42477325838888
Sym_75169_c0_g1,-0.0391575430811809
Sym_75559_c0_g1,-4.12719844151548
Sym_75561_c0_g1,-2.79344961637815
Sym_75582_c0_g1,7.72388677904455
Sym_75776_c0_g1,-4.02340517013079
Sym_75777_c0_g1,0.620495299685146
Sym_75914_c0_g1,-0.138336011781524
Sym_75999_c0_g1,4.98883796053577
Sym_76049_c0_g1,1.75473949252492
Sym_76126_c0_g1,-4.12764071982783
Sym_76169_c0_g1,-2.58976496448926
Sym_76197_c0_g1,16.3441432160978
Sym_76306_c0_g1,-2.6310967833224
Sym_76311_c0_g1,8.77384087821163
Sym_76402_c0_g1,-0.895690548338967
Sym_76645_c0_g1,1.17695297441809
Sym_76764_c0_g1,-1.78160871002033
Sym_76983_c0_g1,9.87678212442203
Sym_76988_c0_g1,-3.51203318563625
Sym_77001_c0_g1,0.501887407020073
Sym_77149_c0_g1,7.70928119999232
Sym_77282_c0_g1,6.78614294444265
Sym_77426_c0_g1,-4.54611141701622
Sym_77580_c0_g1,11.5459269054172
Sym_77749_c0_g1,-0.959108479998144
Sym_77749_c0_g2,5.00695230831958
Sym_77818_c0_g1,-0.149586053085495
Sym_77865_c0_g1,5.32009106088792
Sym_77921_c0_g1,0.48720776463041
Sym_77973_c0_g1,31.343694786459
Sym_7831_c0_g1,0.952356830571457
Sym_78360_c0_g1,-0.330520124554939
Sym_78373_c0_g1,0.586518995038075
Sym_78376_c0_g2,-2.94740141375632
Sym_78718_c0_g2,-0.595413556978617
Sym_78809_c0_g1,-1.50911250329859
Sym_78927_c0_g1,-1.74743440551923
Sym_78963_c0_g1,-3.00108636065782
Sym_79211_c0_g1,-12.0238542800084
Sym_79288_c0_g1,0.283171408575242
Sym_79406_c0_g1,2.0468750503261
Sym_79426_c0_g1,-1.39773949470494
Sym_79448_c0_g1,77.8336911420502
Sym_79451_c0_g1,-1.41639932407767
Sym_79511_c0_g2,-1.21937475994125
Sym_79551_c0_g1,-3.28084198087123
Sym_79567_c0_g1,-0.93818057989964
Sym_79669_c0_g1,-6.01404362643427
Sym_79916_c0_g1,0.388564514118999
Sym_80032_c0_g2,4.69161812565377
Sym_80101_c0_g1,-0.691599377250146
Sym_80147_c0_g1,1.66936091818929
Sym_80251_c0_g2,-0.78720389725247
Sym_80278_c0_g1,3.17429009524444
Sym_80317_c0_g1,-0.371151234295534
Sym_80380_c0_g1,-1.44800986368483
Sym_80383_c0_g1,-0.124972470440179
Sym_80392_c0_g1,14.3255215149323
Sym_80461_c0_g1,2.19694318872528
Sym_80475_c0_g1,-7.43561455677147
Sym_80601_c0_g1,-0.155852424265122
Sym_80623_c0_g1,-3.73993437097764
Sym_80705_c0_g1,0.0691458594549664
Sym_80742_c0_g1,-0.0265830398284708
Sym_80780_c0_g1,2.23433814600142
Sym_80796_c0_g1,2.6981820137288
Sym_80819_c0_g1,43.9997729361356
Sym_80820_c0_g1,-4.55760209276304
Sym_80826_c0_g1,-3.37466434223405
Sym_80984_c0_g1,29.0144354075376
Sym_81078_c0_g1,-5.07194137262498
Sym_81280_c0_g1,0.299030296313634
Sym_81520_c0_g1,4.68622837217297
Sym_81543_c0_g1,-9.99810574865637
Sym_81582_c0_g1,7.21026864915462
Sym_81597_c0_g1,1.88370590386502
Sym_82188_c0_g1,-9.64336434269578
Sym_82427_c0_g1,10.3936825475316
Sym_82433_c1_g1,-1.14544551767779
Sym_82593_c0_g2,0.142836397276658
Sym_82979_c0_g1,-2.9628668769722
Sym_83072_c0_g2,-5.0358564700057
Sym_83082_c0_g1,11.3883857054843
Sym_83124_c0_g2,-0.273141951192919
Sym_83199_c0_g1,-5.06399856138819
Sym_83235_c0_g1,0.0227772211542947
Sym_83573_c0_g1,-14.6839030235353
Sym_83887_c0_g1,-11.3282407688706
Sym_8405_c0_g1,-1.85417910139927
Sym_84180_c0_g1,-10.2585319281922
Sym_84200_c0_g1,-6.10042363759748
Sym_84200_c0_g2,-0.221243952264441
Sym_84255_c0_g1,5.8171217366291
Sym_84255_c0_g2,0.0587486812918466
Sym_84259_c0_g1,-1.86802378444103
Sym_84282_c0_g2,4.17836755143691
Sym_84416_c0_g1,-2.49854124925603
Sym_84493_c0_g1,17.7528307559289
Sym_84522_c0_g1,-1.00295198609617
Sym_84545_c0_g1,10.9043888015717
Sym_84551_c0_g1,-2.0427361079839
Sym_84574_c0_g1,-1.38444484684478
Sym_84578_c0_g1,-1.14533057775767
Sym_84581_c0_g1,-6.4439607892163
Sym_84594_c0_g1,-0.281857738837912
Sym_84618_c0_g1,-5.78988788973751
Sym_84630_c0_g2,1.40968395356335
Sym_84632_c0_g1,6.25930562923127
Sym_84648_c0_g1,7.30788146188837
Sym_84654_c0_g1,-3.49594747004121
Sym_84905_c0_g1,-0.909082220494526
Sym_84987_c0_g1,-9.90760468744544
Sym_84998_c0_g1,3.34316978501359
Sym_85001_c0_g1,0.44879878811029
Sym_85057_c0_g1,-1.00644940295858
Sym_85135_c0_g1,2.78046159197803
Sym_85189_c0_g1,-6.15524529106855
Sym_85225_c0_g1,30.9848895228797
Sym_85279_c0_g1,3.92721795755025
Sym_85387_c0_g1,0.998949252406784
Sym_85417_c0_g2,0.0607554429859772
Sym_85436_c0_g2,16.8305209844858
Sym_85449_c0_g1,6.31762884768387
Sym_85474_c0_g1,-1.19864125493598
Sym_85763_c0_g2,-0.523875044413719
Sym_86176_c0_g2,-1.06956664480956
Sym_86197_c0_g1,-0.836120994394022
Sym_86244_c0_g1,1.07694728169219
Sym_86257_c0_g1,6.3029809469718
Sym_86269_c0_g1,-3.40125715886455
Sym_86283_c0_g1,0.102474058680949
Sym_8639_c0_g1,0.700599320362373
Sym_86623_c0_g2,2.74683151450837
Sym_86661_c0_g1,4.65058475817064
Sym_86954_c0_g2,1.83065438104936
Sym_87251_c0_g1,0.201609437410666
Sym_87393_c0_g1,0.192810174985058
Sym_87420_c0_g1,1.3526468752103
Sym_87432_c0_g1,2.57593013502723
Sym_87440_c0_g1,4.68613295198682
Sym_87470_c0_g1,19.1547260103089
Sym_87488_c0_g1,0.0985348607438667
Sym_88500_c0_g2,-0.152473993045356
Sym_88524_c0_g1,0.906007273166817
Sym_88640_c0_g1,0.228914535828076
Sym_88769_c0_g3,-49.5450860409885
Sym_88821_c0_g1,1.78959705791885
Sym_88907_c0_g1,-22.1576318400224
Sym_88931_c0_g1,24.7898360445267
Sym_88960_c0_g1,0.668618241190583
Sym_88987_c0_g1,-0.26431434949243
Sym_89046_c0_g1,-4.93177403799746
Sym_89090_c0_g1,-3.69208678728945
Sym_89236_c0_g1,-23.2870019617791
Sym_89303_c0_g1,-0.0855558321917584
Sym_89392_c0_g1,1.16526665904367
Sym_89408_c0_g1,7.95528649987968
Sym_89470_c0_g1,0.00477895797168595
Sym_89597_c0_g2,-7.28501087911948
Sym_89625_c0_g1,-3.12143890918398
Sym_89642_c0_g1,-0.532308183896427
Sym_89735_c0_g1,-3.95398199055068
Sym_89763_c0_g1,8.30996716695292
Sym_90254_c0_g1,7.59873858676427
Sym_90318_c0_g1,-0.51247982926168
Sym_90538_c0_g1,8.76577566341128
Sym_90563_c0_g1,0.0237467986571861
Sym_90646_c0_g1,-16.6613624135233
Sym_90654_c0_g1,26.6338526140256
Sym_90673_c0_g2,-10.286362584928
Sym_90680_c0_g1,-0.428561706039659
Sym_91477_c0_g1,-5.84224293211641
Sym_91508_c0_g1,0.794392070204165
Sym_91635_c0_g1,-1.11499869355703
Sym_92335_c0_g1,-0.375011997352132
Sym_92531_c0_g1,-0.18712244271299
Sym_92586_c0_g2,-1.1395044345129
Sym_92614_c0_g2,0.104700842414984
Sym_92623_c0_g1,-0.00662183823803505
Sym_92829_c0_g1,0.197702376193112
Sym_92876_c0_g1,-6.49660695099897
Sym_92891_c0_g1,0.606500555468684
Sym_92911_c0_g1,-2.33980322378307
Sym_92931_c0_g1,0.0807530616294951
Sym_92999_c0_g1,-0.922293126874776
Sym_93011_c0_g1,2.2269654804151
Sym_93060_c0_g1,1.0480966530584
Sym_93266_c0_g2,15.3265805626992
Sym_93416_c0_g1,-1.43322145364351
Sym_93418_c0_g1,0.242662061390055
Sym_93732_c0_g1,-1.98884297276545
Sym_93779_c0_g1,1.31608381302232
Sym_93786_c0_g1,-0.0713080735202962
Sym_93818_c0_g1,7.79012635234796
Sym_94130_c0_g1,-0.681823245915268
Sym_94185_c0_g1,14.8058136384028
Sym_94454_c0_g1,2.87975358787077
Sym_94455_c0_g1,-0.237228526148002
Sym_94466_c0_g1,14.0817055730596
Sym_94487_c0_g1,1.35110001719334
Sym_94580_c0_g1,-1.27287059908493
Sym_94602_c0_g1,-4.78612854910884
Sym_94622_c0_g1,-0.454358523735517
Sym_94647_c1_g1,5.14691070591032
Sym_94700_c0_g1,1.41620362832875
Sym_94841_c0_g1,-5.48534343512951
Sym_94893_c0_g2,-5.51941094999732
Sym_94893_c0_g3,1.62421133608197
Sym_94893_c0_g4,12.4452188167231
Sym_94907_c0_g2,20.0971300439798
Sym_94934_c0_g1,-7.63081957613753
Sym_95121_c0_g1,17.4658484497671
Sym_95234_c0_g1,39.4168691439422
Sym_95313_c0_g1,-1.79735156122353
Sym_95322_c0_g1,-2.92808104213054
Sym_95337_c0_g2,0.298703967858285
Sym_95339_c0_g1,-1.33406788751123
Sym_95340_c0_g2,-2.7075609191679
Sym_95349_c0_g1,-6.50164850027712
Sym_95357_c1_g1,-0.380725225783044
Sym_95436_c0_g2,-0.291703448421925
Sym_95666_c0_g1,0.40994185207642
Sym_95713_c0_g1,-8.23583231259196
Sym_95723_c2_g1,3.77322424345835
Sym_95743_c0_g1,-1.38090128969866
Sym_95767_c0_g1,2.23390873851568
Sym_95857_c0_g2,0.224529394033297
Sym_95934_c0_g2,-0.48052983550385
Sym_9597_c0_g1,-1.17610774228482
Sym_96192_c0_g1,-1.48420423947902
Sym_96431_c0_g1,43.7993661490813
Sym_96651_c0_g1,-0.739413685304026
Sym_96774_c0_g1,-1.24041592055419
Sym_97151_c0_g1,0.771861733373136
Sym_97303_c0_g1,0.328092698622702
Sym_97308_c0_g1,5.34309911650253
Sym_97334_c0_g1,-4.79289954796782
Sym_97386_c0_g2,-2.98274209399273
Sym_97411_c1_g2,-0.667702046595523
Sym_97411_c1_g3,-7.01805564471878
Sym_97451_c0_g1,-10.2296113120813
Sym_97621_c0_g2,2.38266633893132
Sym_97851_c0_g3,0.854423097863172
Sym_98005_c1_g1,2.16762676055921
Sym_98005_c2_g1,3.53233532718634
Sym_98024_c0_g2,-1.61114536843796
Sym_98080_c0_g1,3.21658737401263
Sym_98193_c1_g1,-3.75673652434842
Sym_98213_c0_g1,10.5380882964097
Sym_98295_c0_g3,0.627380011831293
Sym_98423_c1_g1,-0.686619722942243
Sym_98537_c0_g1,2.83383623958321
Sym_98664_c0_g3,-1.50192272125331
Sym_98678_c0_g2,1.4634081935629
Sym_98887_c0_g1,-4.64216813030432
Sym_98914_c0_g1,3.08976063810751
Sym_99024_c0_g1,1.55797523514253
Sym_99086_c0_g1,-2.99781331188782
Sym_99127_c0_g1,-0.131337740122662
Sym_99208_c0_g1,-1.81423399903422
Sym_99370_c0_g1,-96.5053990461213
Sym_99439_c0_g1,-1.4072299871157
Sym_99481_c0_g1,3.61850538225958
Sym_99526_c0_g1,-6.73156948257738
Sym_99606_c0_g1,-0.0134720428851987
Sym_99654_c0_g1,0.432154731212251
